"row_id","triplet_id","variant_type","scam_type","language","script","surface_format","message_text","text_en_gloss","genuine_anchor_id","pattern_id","source_type","source_url","source_date","pressure_tactic","ask","red_flags","mentioned_institutions","contains_link","link_pattern","validation_status"
"CYB-PILOT-001","TRIP-DA-HI-001","genuine","digital_arrest","Hindi","Devanagari","awareness_notice","CyberDost: कोई सरकारी एजेंसी phone/video call पर गिरफ्तारी या पूछताछ नहीं करती. ऐसे call पर तुरंत 1930 पर report करें.","CyberDost notice: no agency conducts arrest or inquiry by phone/video call; report to 1930.","ANC-CYBER-002","PAT-DA-006","hand_built","https://www.pib.gov.in/PressReleasePage.aspx?PRID=2068698","2024-10-27","public_warning","report_1930","official_endpoint|anti_digital_arrest","CyberDost|I4C|1930","false","none","needs_human_review"
"CYB-PILOT-002","TRIP-DA-HI-001","scam","digital_arrest","Hindi","Devanagari","video_call_summary","कॉलर ने खुद को Mumbai Crime Branch बताया, कहा Aadhaar से parcel case जुड़ा है. उसने WhatsApp video call चालू रखने, परिवार को न बताने और verification amount तैयार रखने को कहा.","Caller claimed to be Mumbai Crime Branch, linked Aadhaar to a parcel case, and demanded video-call isolation and verification money.","ANC-CYBER-002","PAT-DA-004","hand_built","https://indianexpress.com/article/cities/bangalore/bengaluru-mnc-product-marketing-head-digital-arrest-loses-rs-51-lakh-cybercriminals-9585330/","2024-09-24","fake_arrest_isolation","stay_on_video_call","fake_arrest|isolation|video_call_pressure|verification_money","Mumbai Crime Branch|Aadhaar|WhatsApp","false","none","needs_human_review"
"CYB-PILOT-003","TRIP-DA-HI-001","help_seeking","digital_arrest","Hindi","Devanagari","help_message","भैया, कोई CBI वाला बोल रहा है कि मैं digital arrest में हूं और video call काटना मना है. क्या सच में ऐसा होता है या 1930 पर call करूं?","An anxious person asks whether a claimed CBI digital arrest video call is real or should be reported to 1930.","ANC-CYBER-002","PAT-DA-004","hand_built","https://www.pib.gov.in/PressReleseDetailm.aspx?PRID=2068606","2024-10-27","fear_of_arrest","ask_trusted_contact","anxious|mentions_digital_arrest|asks_about_1930","CBI|1930","false","none","needs_human_review"
"CYB-PILOT-004","TRIP-FC-MR-001","genuine","fake_courier_parcel","Marathi","Devanagari","courier_sms","Blue Dart: तुमची shipment आज deliver होईल. Track ID BD482916. अनोळखी नंबरवरून आलेल्या links उघडू नका, माहिती शेअर करू नका. -Blue Dart","Blue Dart delivery notice says shipment will arrive today and warns not to open links or share info from unknown numbers.","ANC-SMS-030","PAT-FC-008","hand_built","user_supplied_private_sms","2026-04-28","delivery_notice","track_shipment_safely","official_courier_notice|anti_spam_warning","Blue Dart","false","none","corrected_after_review"
"CYB-PILOT-005","TRIP-FC-MR-001","scam","fake_courier_parcel","Marathi","Devanagari","phone_call_summary","कॉलरने Blue Dart delivery agent असल्याचे सांगितले. address confirm होत नसल्यामुळे SMS मधला special code dial करायला सांगितला आणि parcel आजच hold होईल अशी घाई केली.","Caller posed as a Blue Dart delivery agent, claimed address confirmation was failing, and pressured the user to dial a special code.","ANC-SMS-030","PAT-FC-008","hand_built","https://indianexpress.com/article/technology/how-a-simple-delivery-call-can-hijack-your-phone-using-ussd-codes-10464025/lite/","2026-01-09","delivery_urgency","dial_fake_ussd_code","courier_impersonation|asks_to_dial_code|urgency","Blue Dart","false","none","corrected_after_review"
"CYB-PILOT-006","TRIP-FC-MR-001","help_seeking","fake_courier_parcel","Marathi","Devanagari","help_message","आई, Blue Dart वाला म्हणतो address verify नाही म्हणून एक code dial कर म्हणतोय. parcel hold होईल म्हणाला. हे खरं आहे का की 1930 ला call करू?","An anxious Marathi message asks if a Blue Dart caller asking to dial a code is real or should be reported to 1930.","ANC-SMS-030","PAT-FC-008","hand_built","https://indianexpress.com/article/technology/how-a-simple-delivery-call-can-hijack-your-phone-using-ussd-codes-10464025/lite/","2026-01-09","delivery_urgency","ask_trusted_contact","anxious|courier_call|asks_to_dial_code|mentions_1930","Blue Dart|1930","false","none","needs_human_review"
"CYB-PILOT-007","TRIP-KYC-EN-001","genuine","fake_kyc","English","Latin","SMS","BOI-Your A/C No XXXX4187 is inactive since 15-02-2026,Please contact Branch with Fresh KYC Document for verification.","BOI genuine-style inactive account KYC notice asking customer to contact branch with documents.","ANC-SMS-017","PAT-KYC-001","hand_built","user_supplied_private_sms","2026-04-28","kyc_notice","visit_branch","branch_verification|masked_account|no_link","BOI|Bank of India","false","none","needs_human_review"
"CYB-PILOT-008","TRIP-KYC-EN-001","scam","fake_kyc","English","Latin","SMS","BOI KYC expired! Ur A/c will block today. Update PAN/KYC at kyc-boi-secure[.]xyz Ref:KYC482 -BOI","Scam SMS threatens BOI account block and asks user to update KYC through an inert lookalike domain.","ANC-SMS-017","PAT-KYC-001","hand_built","https://www.rbi.org.in/scripts/FS_PressRelease.aspx?prid=57244","2024-02-02","account_freeze_threat","click_kyc_link","urgent|lookalike_bank_link|account_block_threat","BOI|Bank of India","true","lookalike_bank","needs_human_review"
"CYB-PILOT-009","TRIP-KYC-EN-001","help_seeking","fake_kyc","English","Latin","help_message","Dad, I got SMS saying BOI KYC expired and link kyc-boi-secure[.]xyz. It says account blocks today. Should I ignore and visit branch?","A person asks whether a BOI KYC-expiry SMS with a lookalike link should be ignored and verified at branch.","ANC-SMS-017","PAT-KYC-001","hand_built","https://www.rbi.org.in/scripts/FS_PressRelease.aspx?prid=57244","2024-02-02","account_freeze_threat","ask_trusted_contact","anxious|unknown_link|asks_before_clicking","BOI|Bank of India","true","lookalike_bank","needs_human_review"
"CYB-PILOT-010","TRIP-UPI-HIN-001","genuine","upi_collect_request","Hinglish","Latin","SMS","A/c X4821 se Rs.125.00 UPI payment KIRAN SNACKS ko debit hua on 12-May-26. RRN: 731482905164. Not you? call bank. -MAHABANK","Hinglish-style genuine UPI debit SMS with masked account, merchant, date, RRN, and not-you callback instruction.","ANC-SMS-001","PAT-UPI-007","hand_built","user_supplied_private_sms","2026-04-28","transaction_alert","review_transaction","masked_account|rrn|debit_alert","Bank of Maharashtra|MAHABANK|UPI","false","none","needs_human_review"
"CYB-PILOT-011","TRIP-UPI-HIN-001","scam","upi_collect_request","Hinglish","Latin","app_notification","Rs.125 refund ke liye UPI collect approve karo. Debit reversal process complete hoga. Req from MAHABANK-REFUND.","Scam UPI request tells user to approve collect request to receive a refund or debit reversal while hiding the PIN/outflow mechanism.","ANC-SMS-001","PAT-UPI-007","hand_built","https://www.hdfcbank.com/personal/resources/learning-centre/vigil-aunty/essential-practices-for-safe-upi-transactions","2026-04-28","refund_lure","approve_collect_request","refund_lure|hidden_upi_pin_risk|unknown_collect_request|bank_impersonation","Bank of Maharashtra|MAHABANK|UPI","false","none","corrected_after_review"
"CYB-PILOT-012","TRIP-UPI-HIN-001","help_seeking","upi_collect_request","Hinglish","Latin","help_message","Bhai UPI app me MAHABANK-REFUND se collect req aaya, bol raha Rs.125 reversal ke liye PIN dalu. Receive money me PIN lagta kya?","An anxious Hinglish message asks whether receiving a refund through UPI should require entering PIN.","ANC-SMS-001","PAT-UPI-007","hand_built","https://www.hdfcbank.com/personal/resources/learning-centre/vigil-aunty/essential-practices-for-safe-upi-transactions","2026-04-28","refund_lure","ask_trusted_contact","anxious|unknown_collect_request|asks_about_upi_pin","Bank of Maharashtra|MAHABANK|UPI","false","none","needs_human_review"
"CYB-SCALE-013","TRIP-SCALE-DA-EN-001","genuine","digital_arrest","English","Latin","SMS","CyberDost: No police, CBI or RBI officer conducts inquiry or arrest on video call. Disconnect and report on 1930.","Genuine digital arrest notice in English.","ANC-SBI-005","PAT-DA-006","synthetic_from_verified_pattern","https://bank.sbi/web/personal-banking/cyber-security","2026-04-28","none","safe_or_routine_action","none","SBI","false","none","machine_generated"
"CYB-SCALE-014","TRIP-SCALE-DA-EN-001","scam","digital_arrest","English","Latin","video_call_summary","Caller claimed to be from Cyber Crime Branch, said Aadhaar was linked to a criminal case, and kept the victim on video call while demanding account verification.","Scam variant for fake-rbi-verification-transfer.","ANC-SBI-005","PAT-DA-003","synthetic_from_verified_pattern","https://timesofindia.indiatimes.com/technology/tech-news/bengaluru-based-mnc-exec-loses-rs-51-lakh-in-digital-arrest-scam-that-lasted-10-hours/articleshow/113720656.cms","2024-09-27","Financial panic plus official-sounding audit","stay_on_video_call","fake_arrest|isolation|video_call_pressure","Cyber Crime Branch|Aadhaar|WhatsApp","false","none","machine_generated"
"CYB-SCALE-015","TRIP-SCALE-DA-EN-001","help_seeking","digital_arrest","English","Latin","WhatsApp","Uncle, someone saying Cyber Crime Branch put me under digital arrest on video call. They told me not to disconnect. Should I call 1930?","Help-seeking message about suspected digital arrest fraud.","ANC-SBI-005","PAT-DA-003","synthetic_from_verified_pattern","https://timesofindia.indiatimes.com/technology/tech-news/bengaluru-based-mnc-exec-loses-rs-51-lakh-in-digital-arrest-scam-that-lasted-10-hours/articleshow/113720656.cms","2024-09-27","anxiety_after_contact","ask_trusted_contact","anxious|asks_before_acting","Cyber Crime Branch|1930","false","none","machine_generated"
"CYB-SCALE-016","TRIP-SCALE-DA-EN-002","genuine","digital_arrest","English","Latin","SMS","CyberDost: Beware of scammers posing as CBI/ED/Customs over video call. Hang up and dial 1930 or visit cybercrime.gov.in.","Genuine digital arrest notice in English.","ANC-CYBER-002","PAT-DA-006","synthetic_from_verified_pattern","https://www.pib.gov.in/PressReleasePage.aspx?PRID=2068698","2026-04-28","none","safe_or_routine_action","none","I4C/MHA","false","none","machine_generated"
"CYB-SCALE-017","TRIP-SCALE-DA-EN-002","scam","digital_arrest","English","Latin","video_call_summary","Person on video call wore a fake RBI uniform, showed a forged FIR with the victim's name, and warned that disconnecting would mean immediate arrest.","Scam variant for fake-warrant-whatsapp.","ANC-CYBER-002","PAT-DA-005","synthetic_from_verified_pattern","https://timesofindia.indiatimes.com/city/bengaluru/digitally-arrested-by-fakebluru-cops-man-loses-rs-5l/articleshow/116446825.cms","2024-12-18","Document intimidation and shame","stay_on_video_call","fake_arrest|isolation|video_call_pressure","RBI|Aadhaar|WhatsApp","false","none","machine_generated"
"CYB-SCALE-018","TRIP-SCALE-DA-EN-002","help_seeking","digital_arrest","English","Latin","WhatsApp","Bhaiya help — guy in RBI uniform on Skype showing my Aadhaar, says case filed, asking transfer for verification. Real or scam?","Help-seeking message about suspected digital arrest fraud.","ANC-CYBER-002","PAT-DA-005","synthetic_from_verified_pattern","https://timesofindia.indiatimes.com/city/bengaluru/digitally-arrested-by-fakebluru-cops-man-loses-rs-5l/articleshow/116446825.cms","2024-12-18","anxiety_after_contact","ask_trusted_contact","anxious|asks_before_acting","RBI|1930","false","none","machine_generated"
"CYB-SCALE-019","TRIP-SCALE-DA-HI-002","genuine","digital_arrest","Hindi","Devanagari","SMS","CyberDost: Digital arrest एक scam है. किसी भी officer के नाम पर video call आए तो call काट दें और 1930 पर शिकायत करें.","Genuine digital arrest notice in Hindi.","ANC-CYBER-003","PAT-DA-006","synthetic_from_verified_pattern","https://www.pib.gov.in/PressReleseDetailm.aspx?PRID=2068606","2026-04-28","none","safe_or_routine_action","none","I4C/MHA","false","none","needs_human_review"
"CYB-SCALE-020","TRIP-SCALE-DA-HI-002","scam","digital_arrest","Hindi","Devanagari","video_call_summary","video call पर ED की uniform पहने व्यक्ति ने fake FIR दिखाई और कहा call काटी तो तुरंत arrest होगा.","Scam variant for fake-affidavit-oath-of-secrecy.","ANC-CYBER-003","PAT-DA-007","synthetic_from_verified_pattern","https://indianexpress.com/article/cities/pune/affidavit-secrecy-elderly-couple-digital-arrest-scam-10407907/lite/","2025-12-07","Isolation ritual and fake legal procedure","stay_on_video_call","fake_arrest|isolation|video_call_pressure","ED|Aadhaar|WhatsApp","false","none","needs_human_review"
"CYB-SCALE-021","TRIP-SCALE-DA-HI-002","help_seeking","digital_arrest","Hindi","Devanagari","WhatsApp","भैया मदद — Skype पर ED uniform में आदमी मेरा Aadhaar दिखा रहा, case file होने की धमकी देकर transfer मांग रहा. Real है क्या?","Help-seeking message about suspected digital arrest fraud.","ANC-CYBER-003","PAT-DA-007","synthetic_from_verified_pattern","https://indianexpress.com/article/cities/pune/affidavit-secrecy-elderly-couple-digital-arrest-scam-10407907/lite/","2025-12-07","anxiety_after_contact","ask_trusted_contact","anxious|asks_before_acting","ED|1930","false","none","needs_human_review"
"CYB-SCALE-022","TRIP-SCALE-DA-HI-003","genuine","digital_arrest","Hindi","Devanagari","SMS","I4C-CyberDost: किसी भी एजेंसी के नाम पर पैसे, OTP या Aadhaar मांगा जाए तो 1930 पर report करें. cybercrime.gov.in पर जाएं.","Genuine digital arrest notice in Hindi.","ANC-HDFC-003","PAT-DA-006","synthetic_from_verified_pattern","https://www.hdfcbank.com/personal/useful-links/security","2026-04-28","none","safe_or_routine_action","none","HDFC Bank","false","none","needs_human_review"
"CYB-SCALE-023","TRIP-SCALE-DA-HI-003","scam","digital_arrest","Hindi","Devanagari","video_call_summary","Mumbai Crime Branch का नाम लेकर कॉलर बोला तुम्हारे नाम का parcel narcotics के साथ पकड़ा, camera on रखो वरना remand होगा.","Scam variant for multi-agency-video-call-threat.","ANC-HDFC-003","PAT-DA-001","synthetic_from_verified_pattern","https://www.pib.gov.in/PressReleasePage.aspx?PRID=2068698","2024-10-27","Fake law-enforcement authority and threat of arrest","stay_on_video_call","fake_arrest|isolation|video_call_pressure","Mumbai Crime Branch|Aadhaar|WhatsApp","false","none","needs_human_review"
"CYB-SCALE-024","TRIP-SCALE-DA-HI-003","help_seeking","digital_arrest","Hindi","Devanagari","WhatsApp","दीदी, औरत Mumbai Crime Branch officer बता के बोल रही camera off किया तो jail. हाथ कांप रहे, 1930 dial करूं?","Help-seeking message about suspected digital arrest fraud.","ANC-HDFC-003","PAT-DA-001","synthetic_from_verified_pattern","https://www.pib.gov.in/PressReleasePage.aspx?PRID=2068698","2024-10-27","anxiety_after_contact","ask_trusted_contact","anxious|asks_before_acting","Mumbai Crime Branch|1930","false","none","needs_human_review"
"CYB-SCALE-025","TRIP-SCALE-DA-HI-004","genuine","digital_arrest","Hindi","Devanagari","SMS","CyberDost: सरकारी एजेंसी कभी video call पर arrest या जांच नहीं करती. डरें नहीं, call disconnect करें, 1930 dial करें.","Genuine digital arrest notice in Hindi.","ANC-CYBER-003","PAT-DA-006","synthetic_from_verified_pattern","https://www.pib.gov.in/PressReleseDetailm.aspx?PRID=2068606","2026-04-28","none","safe_or_routine_action","none","I4C/MHA","false","none","needs_human_review"
"CYB-SCALE-026","TRIP-SCALE-DA-HI-004","scam","digital_arrest","Hindi","Devanagari","video_call_summary","Narcotics Control Bureau officer होने का दावा करके कॉलर ने कहा money laundering case चल रहा है, settlement के लिए abhi RTGS करो वरना घर पर पुलिस आएगी.","Scam variant for fake-rbi-verification-transfer.","ANC-CYBER-003","PAT-DA-003","synthetic_from_verified_pattern","https://timesofindia.indiatimes.com/technology/tech-news/bengaluru-based-mnc-exec-loses-rs-51-lakh-in-digital-arrest-scam-that-lasted-10-hours/articleshow/113720656.cms","2024-09-27","Financial panic plus official-sounding audit","stay_on_video_call","fake_arrest|isolation|video_call_pressure","Narcotics Control Bureau|Aadhaar|WhatsApp","false","none","needs_human_review"
"CYB-SCALE-027","TRIP-SCALE-DA-HI-004","help_seeking","digital_arrest","Hindi","Devanagari","WhatsApp","पापा सुनो — Narcotics Control Bureau का बंदा बोल रहा money laundering का case है, 2 lakh RTGS नहीं किया तो घर पर पुलिस आएगी. क्या करूं?","Help-seeking message about suspected digital arrest fraud.","ANC-CYBER-003","PAT-DA-003","synthetic_from_verified_pattern","https://timesofindia.indiatimes.com/technology/tech-news/bengaluru-based-mnc-exec-loses-rs-51-lakh-in-digital-arrest-scam-that-lasted-10-hours/articleshow/113720656.cms","2024-09-27","anxiety_after_contact","ask_trusted_contact","anxious|asks_before_acting","Narcotics Control Bureau|1930","false","none","needs_human_review"
"CYB-SCALE-028","TRIP-SCALE-DA-MR-001","genuine","digital_arrest","Marathi","Devanagari","SMS","CyberDost: कोणतीही police/CBI/RBI agency video call वर arrest किंवा चौकशी करत नाही. Call कट करा आणि 1930 वर report करा.","Genuine digital arrest notice in Marathi.","ANC-HDFC-003","PAT-DA-006","synthetic_from_verified_pattern","https://www.hdfcbank.com/personal/useful-links/security","2026-04-28","none","safe_or_routine_action","none","HDFC Bank","false","none","needs_human_review"
"CYB-SCALE-029","TRIP-SCALE-DA-MR-001","scam","digital_arrest","Marathi","Devanagari","video_call_summary","कॉलरने स्वतःला Mumbai Crime Branch officer सांगितले, Aadhaar case शी जोडले आणि video call चालू ठेवून account verification साठी दबाव टाकला.","Scam variant for multi-agency-video-call-threat.","ANC-HDFC-003","PAT-DA-001","synthetic_from_verified_pattern","https://www.pib.gov.in/PressReleasePage.aspx?PRID=2068698","2024-10-27","Fake law-enforcement authority and threat of arrest","stay_on_video_call","fake_arrest|isolation|video_call_pressure","Mumbai Crime Branch|Aadhaar|WhatsApp","false","none","needs_human_review"
"CYB-SCALE-030","TRIP-SCALE-DA-MR-001","help_seeking","digital_arrest","Marathi","Devanagari","WhatsApp","दादा, Mumbai Crime Branch वाला digital arrest म्हणतोय आणि video call कट करू नको म्हणतो. 1930 ला call करू का?","Help-seeking message about suspected digital arrest fraud.","ANC-HDFC-003","PAT-DA-001","synthetic_from_verified_pattern","https://www.pib.gov.in/PressReleasePage.aspx?PRID=2068698","2024-10-27","anxiety_after_contact","ask_trusted_contact","anxious|asks_before_acting","Mumbai Crime Branch|1930","false","none","needs_human_review"
"CYB-SCALE-031","TRIP-SCALE-DA-MR-002","genuine","digital_arrest","Marathi","Devanagari","SMS","CyberDost: Digital arrest हा scam आहे. कोणत्याही एजेंसीच्या नावाने video call आल्यास call कट करा, 1930 वर तक्रार द्या.","Genuine digital arrest notice in Marathi.","ANC-CYBER-003","PAT-DA-006","synthetic_from_verified_pattern","https://www.pib.gov.in/PressReleseDetailm.aspx?PRID=2068606","2026-04-28","none","safe_or_routine_action","none","I4C/MHA","false","none","needs_human_review"
"CYB-SCALE-032","TRIP-SCALE-DA-MR-002","scam","digital_arrest","Marathi","Devanagari","video_call_summary","video call वर Narcotics Control Bureau ची uniform घातलेल्या व्यक्तीने खोटी FIR दाखवली आणि म्हटले call कट केली तर लगेच arrest होईल.","Scam variant for fake-rbi-verification-transfer.","ANC-CYBER-003","PAT-DA-003","synthetic_from_verified_pattern","https://timesofindia.indiatimes.com/technology/tech-news/bengaluru-based-mnc-exec-loses-rs-51-lakh-in-digital-arrest-scam-that-lasted-10-hours/articleshow/113720656.cms","2024-09-27","Financial panic plus official-sounding audit","stay_on_video_call","fake_arrest|isolation|video_call_pressure","Narcotics Control Bureau|Aadhaar|WhatsApp","false","none","needs_human_review"
"CYB-SCALE-033","TRIP-SCALE-DA-MR-002","help_seeking","digital_arrest","Marathi","Devanagari","WhatsApp","दादा मदत — Skype वर Narcotics Control Bureau uniform मधला माणूस माझे Aadhaar दाखवतोय, case file केल्याची धमकी देऊन transfer मागतोय. खरं आहे का?","Help-seeking message about suspected digital arrest fraud.","ANC-CYBER-003","PAT-DA-003","synthetic_from_verified_pattern","https://timesofindia.indiatimes.com/technology/tech-news/bengaluru-based-mnc-exec-loses-rs-51-lakh-in-digital-arrest-scam-that-lasted-10-hours/articleshow/113720656.cms","2024-09-27","anxiety_after_contact","ask_trusted_contact","anxious|asks_before_acting","Narcotics Control Bureau|1930","false","none","needs_human_review"
"CYB-SCALE-034","TRIP-SCALE-DA-HIN-001","genuine","digital_arrest","Hinglish","Latin","SMS","CyberDost: Police/CBI/RBI video call pe arrest ya inquiry nahi karti. Call cut karo aur 1930 par report karo.","Genuine digital arrest notice in Hinglish.","ANC-CYBER-003","PAT-DA-006","synthetic_from_verified_pattern","https://www.pib.gov.in/PressReleseDetailm.aspx?PRID=2068606","2026-04-28","none","safe_or_routine_action","none","I4C/MHA","false","none","machine_generated"
"CYB-SCALE-035","TRIP-SCALE-DA-HIN-001","scam","digital_arrest","Hinglish","Latin","video_call_summary","Caller ne khud ko Narcotics Control Bureau bataya, Aadhaar case se link bola aur video call chalu rakhne ka pressure dala.","Scam variant for fake-rbi-verification-transfer.","ANC-CYBER-003","PAT-DA-003","synthetic_from_verified_pattern","https://timesofindia.indiatimes.com/technology/tech-news/bengaluru-based-mnc-exec-loses-rs-51-lakh-in-digital-arrest-scam-that-lasted-10-hours/articleshow/113720656.cms","2024-09-27","Financial panic plus official-sounding audit","stay_on_video_call","fake_arrest|isolation|video_call_pressure","Narcotics Control Bureau|Aadhaar|WhatsApp","false","none","machine_generated"
"CYB-SCALE-036","TRIP-SCALE-DA-HIN-001","help_seeking","digital_arrest","Hinglish","Latin","WhatsApp","Bhai, Narcotics Control Bureau wala digital arrest bol raha hai aur video call cut mat karo keh raha. 1930 pe call karu kya?","Help-seeking message about suspected digital arrest fraud.","ANC-CYBER-003","PAT-DA-003","synthetic_from_verified_pattern","https://timesofindia.indiatimes.com/technology/tech-news/bengaluru-based-mnc-exec-loses-rs-51-lakh-in-digital-arrest-scam-that-lasted-10-hours/articleshow/113720656.cms","2024-09-27","anxiety_after_contact","ask_trusted_contact","anxious|asks_before_acting","Narcotics Control Bureau|1930","false","none","machine_generated"
"CYB-SCALE-037","TRIP-SCALE-DA-HIN-002","genuine","digital_arrest","Hinglish","Latin","SMS","CyberDost: Digital arrest ek scam hai. Kisi bhi officer ke naam se video call aaye to disconnect karo, 1930 dial karo.","Genuine digital arrest notice in Hinglish.","ANC-HDFC-003","PAT-DA-006","synthetic_from_verified_pattern","https://www.hdfcbank.com/personal/useful-links/security","2026-04-28","none","safe_or_routine_action","none","HDFC Bank","false","none","machine_generated"
"CYB-SCALE-038","TRIP-SCALE-DA-HIN-002","scam","digital_arrest","Hinglish","Latin","video_call_summary","Video call par ED ki fake uniform pehne banda nakli FIR dikha raha tha, bola call cut kiya to seedha arrest.","Scam variant for fake-warrant-whatsapp.","ANC-HDFC-003","PAT-DA-005","synthetic_from_verified_pattern","https://timesofindia.indiatimes.com/city/bengaluru/digitally-arrested-by-fakebluru-cops-man-loses-rs-5l/articleshow/116446825.cms","2024-12-18","Document intimidation and shame","stay_on_video_call","fake_arrest|isolation|video_call_pressure","ED|Aadhaar|WhatsApp","false","none","machine_generated"
"CYB-SCALE-039","TRIP-SCALE-DA-HIN-002","help_seeking","digital_arrest","Hinglish","Latin","WhatsApp","Bhaiya help — Skype par ED uniform me banda mera Aadhaar dikha raha, case file ki dhamki deke transfer maang raha. Real hai kya?","Help-seeking message about suspected digital arrest fraud.","ANC-HDFC-003","PAT-DA-005","synthetic_from_verified_pattern","https://timesofindia.indiatimes.com/city/bengaluru/digitally-arrested-by-fakebluru-cops-man-loses-rs-5l/articleshow/116446825.cms","2024-12-18","anxiety_after_contact","ask_trusted_contact","anxious|asks_before_acting","ED|1930","false","none","machine_generated"
"CYB-SCALE-040","TRIP-SCALE-UPI-EN-001","genuine","upi_collect_request","English","Latin","SMS","A/c X7328 debited by Rs. 75.00 for UPI payment to BOOKS INDIA on 21-Jun-26. RRN: 731483006067 if not you, call bank. -MAHABANK","Genuine upi collect request notice in English.","ANC-SBI-003","PAT-UPI-008","synthetic_from_verified_pattern","https://bank.sbi/web/personal-banking/cyber-security","2026-04-28","none","safe_or_routine_action","none","SBI","false","none","machine_generated"
"CYB-SCALE-041","TRIP-SCALE-UPI-EN-001","scam","upi_collect_request","English","Latin","app_notification","Rs.75 refund pending. Approve UPI collect from AXIS-REFUND. Credit today.","Scam variant for unknown-upi-request-warning-counterpattern.","ANC-SBI-003","PAT-UPI-008","synthetic_from_verified_pattern","https://bank.sbi/web/personal-banking/cyber-security","2026-04-28","Legitimate safety correction","approve_collect_request","refund_lure|hidden_upi_pin_risk|unknown_collect_request|bank_impersonation","Axis Bank|AXIS|UPI","false","none","machine_generated"
"CYB-SCALE-042","TRIP-SCALE-UPI-EN-001","help_seeking","upi_collect_request","English","Latin","WhatsApp","Dad, AXIS-REFUND sent a UPI collect request for Rs.75. It says refund credit today. Should receiving money need approval?","Help-seeking message about suspected upi collect request fraud.","ANC-SBI-003","PAT-UPI-008","synthetic_from_verified_pattern","https://bank.sbi/web/personal-banking/cyber-security","2026-04-28","anxiety_after_contact","ask_trusted_contact","anxious|asks_before_acting","Axis Bank|AXIS|UPI","false","none","machine_generated"
"CYB-SCALE-043","TRIP-SCALE-UPI-EN-002","genuine","upi_collect_request","English","Latin","SMS","Rs.240.00 credited to A/c X7602 on 27-Feb-26 from CITY CAFE. UPI Ref 731483024413. Avl Bal Rs.1830.00 -MAHABANK","Genuine upi collect request notice in English.","ANC-SMS-002","PAT-UPI-008","synthetic_from_verified_pattern","user_supplied_private_sms","2026-04-28","none","safe_or_routine_action","none","Bank of Maharashtra","false","none","machine_generated"
"CYB-SCALE-044","TRIP-SCALE-UPI-EN-002","scam","upi_collect_request","English","Latin","app_notification","SBI cashback Rs.240 ready. Tap APPROVE on UPI app within 5 min or amount lapses.","Scam variant for qr-code-receive-money-fraud.","ANC-SMS-002","PAT-UPI-002","synthetic_from_verified_pattern","https://www.hdfcbank.com/personal/useful-links/important-messages/stayvigil/types-of-fraud","2026-04-28","False payment receipt and hurry","approve_collect_request","refund_lure|hidden_upi_pin_risk|unknown_collect_request|bank_impersonation","SBI|SBI|UPI","false","none","machine_generated"
"CYB-SCALE-045","TRIP-SCALE-UPI-EN-002","help_seeking","upi_collect_request","English","Latin","WhatsApp","Bhai, GPay popup from SBI-REFUND for Rs.240, says enter PIN to receive cashback. PIN for receiving — that right?","Help-seeking message about suspected upi collect request fraud.","ANC-SMS-002","PAT-UPI-002","synthetic_from_verified_pattern","https://www.hdfcbank.com/personal/useful-links/important-messages/stayvigil/types-of-fraud","2026-04-28","anxiety_after_contact","ask_trusted_contact","anxious|asks_before_acting","SBI|SBI|UPI","false","none","machine_generated"
"CYB-SCALE-046","TRIP-SCALE-UPI-HI-001","genuine","upi_collect_request","Hindi","Devanagari","SMS","A/c X7602 से Rs.240.00 UPI payment CITY CAFE को debit हुआ on 27-Feb-26. RRN: 731483024413. Not you? bank को call करें. -MAHABANK","Genuine upi collect request notice in Hindi.","ANC-SMS-002","PAT-UPI-008","synthetic_from_verified_pattern","user_supplied_private_sms","2026-04-28","none","safe_or_routine_action","none","Bank of Maharashtra","false","none","needs_human_review"
"CYB-SCALE-047","TRIP-SCALE-UPI-HI-001","scam","upi_collect_request","Hindi","Devanagari","app_notification","Rs.240 refund pending है. SBI-REFUND का UPI collect approve करें. Credit आज होगा.","Scam variant for qr-code-receive-money-fraud.","ANC-SMS-002","PAT-UPI-002","synthetic_from_verified_pattern","https://www.hdfcbank.com/personal/useful-links/important-messages/stayvigil/types-of-fraud","2026-04-28","False payment receipt and hurry","approve_collect_request","refund_lure|hidden_upi_pin_risk|unknown_collect_request|bank_impersonation","SBI|SBI|UPI","false","none","needs_human_review"
"CYB-SCALE-048","TRIP-SCALE-UPI-HI-001","help_seeking","upi_collect_request","Hindi","Devanagari","WhatsApp","भैया, SBI-REFUND से Rs.240 का UPI collect आया है. Refund credit बोल रहा. Receive money में approve करना पड़ता है क्या?","Help-seeking message about suspected upi collect request fraud.","ANC-SMS-002","PAT-UPI-002","synthetic_from_verified_pattern","https://www.hdfcbank.com/personal/useful-links/important-messages/stayvigil/types-of-fraud","2026-04-28","anxiety_after_contact","ask_trusted_contact","anxious|asks_before_acting","SBI|SBI|UPI","false","none","needs_human_review"
"CYB-SCALE-049","TRIP-SCALE-UPI-HI-002","genuine","upi_collect_request","Hindi","Devanagari","SMS","Rs.499.00 A/c X7876 में MAULI FOODS से credit हुआ on 07-Apr-26. UPI Ref 731483042759. Avl Bal Rs.3643.00 -MAHABANK","Genuine upi collect request notice in Hindi.","ANC-SMS-005","PAT-UPI-008","synthetic_from_verified_pattern","user_supplied_private_sms","2026-04-28","none","safe_or_routine_action","none","Bank of Maharashtra","false","none","needs_human_review"
"CYB-SCALE-050","TRIP-SCALE-UPI-HI-002","scam","upi_collect_request","Hindi","Devanagari","app_notification","ICICI cashback Rs.499 ready है. UPI app पर 5 min में APPROVE करो वरना expire.","Scam variant for fake-merchant-payment-confirmation.","ANC-SMS-005","PAT-UPI-004","synthetic_from_verified_pattern","https://www.npci.org.in/what-we-do/upi/product-overview/","2026-04-28","Merchant impersonation and transaction confusion","approve_collect_request","refund_lure|hidden_upi_pin_risk|unknown_collect_request|bank_impersonation","ICICI Bank|ICICI|UPI","false","none","needs_human_review"
"CYB-SCALE-051","TRIP-SCALE-UPI-HI-002","help_seeking","upi_collect_request","Hindi","Devanagari","WhatsApp","भाई, GPay popup ICICI-REFUND से Rs.499 के लिए आया, cashback लेने के लिए PIN डालने को बोल रहा. लेने के लिए PIN सही है?","Help-seeking message about suspected upi collect request fraud.","ANC-SMS-005","PAT-UPI-004","synthetic_from_verified_pattern","https://www.npci.org.in/what-we-do/upi/product-overview/","2026-04-28","anxiety_after_contact","ask_trusted_contact","anxious|asks_before_acting","ICICI Bank|ICICI|UPI","false","none","needs_human_review"
"CYB-SCALE-052","TRIP-SCALE-UPI-MR-001","genuine","upi_collect_request","Marathi","Devanagari","SMS","A/c X7876 मधून Rs.499.00 UPI payment MAULI FOODS ला debit झाला on 07-Apr-26. RRN: 731483042759. Not you? bank ला call करा. -MAHABANK","Genuine upi collect request notice in Marathi.","ANC-SMS-005","PAT-UPI-008","synthetic_from_verified_pattern","user_supplied_private_sms","2026-04-28","none","safe_or_routine_action","none","Bank of Maharashtra","false","none","needs_human_review"
"CYB-SCALE-053","TRIP-SCALE-UPI-MR-001","scam","upi_collect_request","Marathi","Devanagari","app_notification","Rs.499 refund pending आहे. ICICI-REFUND कडून आलेला UPI collect approve करा. Credit आज होईल.","Scam variant for fake-merchant-payment-confirmation.","ANC-SMS-005","PAT-UPI-004","synthetic_from_verified_pattern","https://www.npci.org.in/what-we-do/upi/product-overview/","2026-04-28","Merchant impersonation and transaction confusion","approve_collect_request","refund_lure|hidden_upi_pin_risk|unknown_collect_request|bank_impersonation","ICICI Bank|ICICI|UPI","false","none","needs_human_review"
"CYB-SCALE-054","TRIP-SCALE-UPI-MR-001","help_seeking","upi_collect_request","Marathi","Devanagari","WhatsApp","आई, ICICI-REFUND कडून Rs.499 चा UPI collect आला आहे. refund credit म्हणतोय. पैसे receive करायला approve लागतं का?","Help-seeking message about suspected upi collect request fraud.","ANC-SMS-005","PAT-UPI-004","synthetic_from_verified_pattern","https://www.npci.org.in/what-we-do/upi/product-overview/","2026-04-28","anxiety_after_contact","ask_trusted_contact","anxious|asks_before_acting","ICICI Bank|ICICI|UPI","false","none","needs_human_review"
"CYB-SCALE-055","TRIP-SCALE-UPI-MR-002","genuine","upi_collect_request","Marathi","Devanagari","SMS","Rs.999.00 A/c X8150 मध्ये BOOKS INDIA कडून credit झाले on 16-Jun-26. UPI Ref 731483061105. Avl Bal Rs.7143.00 -MAHABANK","Genuine upi collect request notice in Marathi.","ANC-SBI-003","PAT-UPI-008","synthetic_from_verified_pattern","https://bank.sbi/web/personal-banking/cyber-security","2026-04-28","none","safe_or_routine_action","none","SBI","false","none","needs_human_review"
"CYB-SCALE-056","TRIP-SCALE-UPI-MR-002","scam","upi_collect_request","Marathi","Devanagari","SMS","AXIS cashback Rs.999 तयार आहे. UPI app वर 5 min मध्ये APPROVE करा, नाही तर expire होईल.","Scam variant for unknown-upi-request-warning-counterpattern.","ANC-SBI-003","PAT-UPI-008","synthetic_from_verified_pattern","https://bank.sbi/web/personal-banking/cyber-security","2026-04-28","Legitimate safety correction","approve_collect_request","refund_lure|hidden_upi_pin_risk|unknown_collect_request|bank_impersonation","Axis Bank|AXIS|UPI","false","none","needs_human_review"
"CYB-SCALE-057","TRIP-SCALE-UPI-MR-002","help_seeking","upi_collect_request","Marathi","Devanagari","WhatsApp","दादा, GPay popup AXIS-REFUND कडून Rs.999 साठी, cashback घ्यायला PIN टाकायला सांगतोय. घ्यायला PIN बरोबर आहे का?","Help-seeking message about suspected upi collect request fraud.","ANC-SBI-003","PAT-UPI-008","synthetic_from_verified_pattern","https://bank.sbi/web/personal-banking/cyber-security","2026-04-28","anxiety_after_contact","ask_trusted_contact","anxious|asks_before_acting","Axis Bank|AXIS|UPI","false","none","needs_human_review"
"CYB-SCALE-058","TRIP-SCALE-UPI-HIN-002","genuine","upi_collect_request","Hinglish","Latin","SMS","Rs.1850.00 A/c X8287 me KIRAN SNACKS se credit hua on 21-Jan-26. UPI Ref 731483070278. Avl Bal Rs.13100.00 -MAHABANK","Genuine upi collect request notice in Hinglish.","ANC-SMS-001","PAT-UPI-008","synthetic_from_verified_pattern","user_supplied_private_sms","2026-04-28","none","safe_or_routine_action","none","Bank of Maharashtra","false","none","machine_generated"
"CYB-SCALE-059","TRIP-SCALE-UPI-HIN-002","scam","upi_collect_request","Hinglish","Latin","SMS","BOI cashback Rs.1850 ready hai. UPI app par 5 min me APPROVE karo warna expire ho jayega.","Scam variant for receive-money-collect-trap.","ANC-SMS-001","PAT-UPI-001","synthetic_from_verified_pattern","https://www.npci.org.in/what-we-do/bhim/faq/","2026-04-28","Confusion between receiving and paying","approve_collect_request","refund_lure|hidden_upi_pin_risk|unknown_collect_request|bank_impersonation","BOI|BOI|UPI","false","none","machine_generated"
"CYB-SCALE-060","TRIP-SCALE-UPI-HIN-002","help_seeking","upi_collect_request","Hinglish","Latin","WhatsApp","Bhai, GPay popup BOI-REFUND se Rs.1850 ke liye, cashback lene ke liye PIN dalo bol raha. Lene ke liye PIN sahi?","Help-seeking message about suspected upi collect request fraud.","ANC-SMS-001","PAT-UPI-001","synthetic_from_verified_pattern","https://www.npci.org.in/what-we-do/bhim/faq/","2026-04-28","anxiety_after_contact","ask_trusted_contact","anxious|asks_before_acting","BOI|BOI|UPI","false","none","machine_generated"
"CYB-SCALE-061","TRIP-SCALE-UPI-HIN-003","genuine","upi_collect_request","Hinglish","Latin","SMS","OTP 315116 UPI txn Rs.49 RAJ MEDICAL ke liye. 5 min valid. Kisi ko share mat karo. -MAHABANK","Genuine upi collect request notice in Hinglish.","ANC-SMS-003","PAT-UPI-008","synthetic_from_verified_pattern","user_supplied_private_sms","2026-04-28","none","safe_or_routine_action","none","Bank of Maharashtra","false","none","machine_generated"
"CYB-SCALE-062","TRIP-SCALE-UPI-HIN-003","scam","upi_collect_request","Hinglish","Latin","SMS","Bijli bill double cut hua, Rs.49 wapas. HDFC-REFUND ka collect request accept karo, paise turant aayenge.","Scam variant for fake-refund-pull-payment.","ANC-SMS-003","PAT-UPI-003","synthetic_from_verified_pattern","https://timesofindia.indiatimes.com/technology/tech-news/npci-is-shutting-down-these-qr-code-based-upi-transactions-starting-october-1/amp_articleshow/123279266.cms","2025-08-15","Refund lure","approve_collect_request","refund_lure|hidden_upi_pin_risk|unknown_collect_request|bank_impersonation","HDFC Bank|HDFC|UPI","false","none","machine_generated"
"CYB-SCALE-063","TRIP-SCALE-UPI-HIN-003","help_seeking","upi_collect_request","Hinglish","Latin","WhatsApp","Mom, PhonePe Rs.49 APPROVE karne bol raha HDFC-REFUND se, timer chal raha. Refund se related ya scam?","Help-seeking message about suspected upi collect request fraud.","ANC-SMS-003","PAT-UPI-003","synthetic_from_verified_pattern","https://timesofindia.indiatimes.com/technology/tech-news/npci-is-shutting-down-these-qr-code-based-upi-transactions-starting-october-1/amp_articleshow/123279266.cms","2025-08-15","anxiety_after_contact","ask_trusted_contact","anxious|asks_before_acting","HDFC Bank|HDFC|UPI","false","none","machine_generated"
"CYB-SCALE-064","TRIP-SCALE-UPI-HIN-004","genuine","upi_collect_request","Hinglish","Latin","SMS","IMPS Rs.125.00 transfer to GREEN MART A/c successful. UPI Ref 731483106970. Charge Rs.5.00 deducted. -MAHABANK","Genuine upi collect request notice in Hinglish.","ANC-NPCI-003","PAT-UPI-008","synthetic_from_verified_pattern","https://www.npci.org.in/what-we-do/bhim/faq/","2026-04-28","none","safe_or_routine_action","none","BHIM","false","none","machine_generated"
"CYB-SCALE-065","TRIP-SCALE-UPI-HIN-004","scam","upi_collect_request","Hinglish","Latin","SMS","MAHABANK-REFUND: prize amount Rs.125 jeeti hai. UPI request approve karo aur PIN dalo, paise wallet me aa jayenge.","Scam variant for debit-reversal-collect-request.","ANC-NPCI-003","PAT-UPI-007","synthetic_from_verified_pattern","https://www.hdfcbank.com/personal/resources/learning-centre/vigil-aunty/essential-practices-for-safe-upi-transactions","2026-04-28","Refund lure with bank-style vocabulary","approve_collect_request","refund_lure|hidden_upi_pin_risk|unknown_collect_request|bank_impersonation","Bank of Maharashtra|MAHABANK|UPI","false","none","machine_generated"
"CYB-SCALE-066","TRIP-SCALE-UPI-HIN-004","help_seeking","upi_collect_request","Hinglish","Latin","WhatsApp","Bhaiya, MAHABANK-REFUND wala bola lottery prize Rs.125 jeeti, UPI request approve aur PIN dalu. Genuine hoga ya nahi?","Help-seeking message about suspected upi collect request fraud.","ANC-NPCI-003","PAT-UPI-007","synthetic_from_verified_pattern","https://www.hdfcbank.com/personal/resources/learning-centre/vigil-aunty/essential-practices-for-safe-upi-transactions","2026-04-28","anxiety_after_contact","ask_trusted_contact","anxious|asks_before_acting","Bank of Maharashtra|MAHABANK|UPI","false","none","machine_generated"
"CYB-SCALE-067","TRIP-SCALE-FC-EN-001","genuine","fake_courier_parcel","English","Latin","SMS","Shiprocket: Your shipment will be delivered today. Track ID SH483256. Avoid links or info requests from unknown numbers. -Shiprocket","Genuine fake courier parcel notice in English.","ANC-SMS-023","PAT-FC-006","synthetic_from_verified_pattern","user_supplied_private_sms","2026-04-28","none","safe_or_routine_action","none","Shiprocket","false","none","machine_generated"
"CYB-SCALE-068","TRIP-SCALE-FC-EN-001","scam","fake_courier_parcel","English","Latin","phone_call_summary","Caller posed as Shiprocket delivery staff, said address confirmation failed, and pushed the user to dial a special code before delivery hold.","Scam variant for delivery-ussd-call-forwarding.","ANC-SMS-023","PAT-FC-008","synthetic_from_verified_pattern","https://indianexpress.com/article/technology/how-a-simple-delivery-call-can-hijack-your-phone-using-ussd-codes-10464025/lite/","2026-01-09","Delivery familiarity and technical confusion","dial_fake_ussd_code","courier_impersonation|asks_to_dial_code|urgency","Shiprocket","false","none","machine_generated"
"CYB-SCALE-069","TRIP-SCALE-FC-EN-001","help_seeking","fake_courier_parcel","English","Latin","WhatsApp","Mom, Shiprocket caller says my parcel/address has issue and I must confirm now. Should I use official app or call 1930?","Help-seeking message about suspected fake courier parcel fraud.","ANC-SMS-023","PAT-FC-008","synthetic_from_verified_pattern","https://indianexpress.com/article/technology/how-a-simple-delivery-call-can-hijack-your-phone-using-ussd-codes-10464025/lite/","2026-01-09","anxiety_after_contact","ask_trusted_contact","anxious|asks_before_acting","Shiprocket|1930","false","none","machine_generated"
"CYB-SCALE-070","TRIP-SCALE-FC-EN-002","genuine","fake_courier_parcel","English","Latin","SMS","India Post: Out for delivery — slot 1PM-4PM. AWB IN483290. Live track on app only. Unknown links se beware. -India Post","Genuine fake courier parcel notice in English.","ANC-SMS-030","PAT-FC-006","synthetic_from_verified_pattern","user_supplied_private_sms","2026-04-28","none","safe_or_routine_action","none","Blue Dart","false","none","machine_generated"
"CYB-SCALE-071","TRIP-SCALE-FC-EN-002","scam","fake_courier_parcel","English","Latin","phone_call_summary","Person posed as India Post security desk, said the parcel held banned drugs, and patched the call to a fake DCP for statement recording.","Scam variant for mdma-passport-parcel.","ANC-SMS-030","PAT-FC-002","synthetic_from_verified_pattern","https://timesofindia.indiatimes.com/city/bengaluru/fedex-fraudsters-dupe-techie-of-1cr/articleshow/110315472.cms","2024-05-22","Drug-smuggling accusation","join_fake_inquiry","illegal_parcel_threat|fake_transfer|urgency","India Post|Cyber Crime Branch","false","none","machine_generated"
"CYB-SCALE-072","TRIP-SCALE-FC-EN-002","help_seeking","fake_courier_parcel","English","Latin","WhatsApp","Dad, got India Post SMS with a link saying customs duty pending Rs.125, parcel will return. Pay or ignore?","Help-seeking message about suspected fake courier parcel fraud.","ANC-SMS-030","PAT-FC-002","synthetic_from_verified_pattern","https://timesofindia.indiatimes.com/city/bengaluru/fedex-fraudsters-dupe-techie-of-1cr/articleshow/110315472.cms","2024-05-22","anxiety_after_contact","ask_trusted_contact","anxious|asks_before_acting","India Post|1930","false","none","machine_generated"
"CYB-SCALE-073","TRIP-SCALE-FC-HI-001","genuine","fake_courier_parcel","Hindi","Devanagari","SMS","India Post: आपका parcel आज deliver होगा. Track ID IN483290. Unknown numbers से आए links न खोलें, info share न करें. -India Post","Genuine fake courier parcel notice in Hindi.","ANC-SMS-030","PAT-FC-006","synthetic_from_verified_pattern","user_supplied_private_sms","2026-04-28","none","safe_or_routine_action","none","Blue Dart","false","none","needs_human_review"
"CYB-SCALE-074","TRIP-SCALE-FC-HI-001","scam","fake_courier_parcel","Hindi","Devanagari","phone_call_summary","कॉलर ने कहा user के नाम का parcel illegal items के साथ पकड़ा गया और call fake cyber officer को transfer कर दी.","Scam variant for mdma-passport-parcel.","ANC-SMS-030","PAT-FC-002","synthetic_from_verified_pattern","https://timesofindia.indiatimes.com/city/bengaluru/fedex-fraudsters-dupe-techie-of-1cr/articleshow/110315472.cms","2024-05-22","Drug-smuggling accusation","join_fake_inquiry","illegal_parcel_threat|fake_transfer|urgency","India Post|Cyber Crime Branch","false","none","needs_human_review"
"CYB-SCALE-075","TRIP-SCALE-FC-HI-001","help_seeking","fake_courier_parcel","Hindi","Devanagari","WhatsApp","माँ, India Post वाला कह रहा parcel/address issue है और अभी confirm करना है. Official app देखूं या 1930 call करूं?","Help-seeking message about suspected fake courier parcel fraud.","ANC-SMS-030","PAT-FC-002","synthetic_from_verified_pattern","https://timesofindia.indiatimes.com/city/bengaluru/fedex-fraudsters-dupe-techie-of-1cr/articleshow/110315472.cms","2024-05-22","anxiety_after_contact","ask_trusted_contact","anxious|asks_before_acting","India Post|1930","false","none","needs_human_review"
"CYB-SCALE-076","TRIP-SCALE-FC-HI-002","genuine","fake_courier_parcel","Hindi","Devanagari","SMS","Blue Dart: Out for delivery — slot 10AM-1PM. AWB BL483324. App पर ही live track देखें. -Blue Dart","Genuine fake courier parcel notice in Hindi.","ANC-SMS-021","PAT-FC-006","synthetic_from_verified_pattern","user_supplied_private_sms","2026-04-28","none","safe_or_routine_action","none","Shiprocket","false","none","needs_human_review"
"CYB-SCALE-077","TRIP-SCALE-FC-HI-002","scam","fake_courier_parcel","Hindi","Devanagari","phone_call_summary","Blue Dart security desk बनकर बोला parcel में banned drugs मिले, और call नकली DCP को statement के लिए जोड़ दी.","Scam variant for courier-to-mumbai-cybercrime-transfer.","ANC-SMS-021","PAT-FC-004","synthetic_from_verified_pattern","https://indianexpress.com/article/cities/bangalore/fedex-scam-bengaluru-software-engineer-held-digital-arrest-loses-rs-1-crore-9344267/","2024-05-22","Authority handoff theater","join_fake_inquiry","illegal_parcel_threat|fake_transfer|urgency","Blue Dart|Cyber Crime Branch","false","none","needs_human_review"
"CYB-SCALE-078","TRIP-SCALE-FC-HI-002","help_seeking","fake_courier_parcel","Hindi","Devanagari","WhatsApp","पापा, Blue Dart का SMS आया link के साथ, customs duty Rs.300 pending बोल रहा, return हो जाएगा parcel. Pay करूं या ignore?","Help-seeking message about suspected fake courier parcel fraud.","ANC-SMS-021","PAT-FC-004","synthetic_from_verified_pattern","https://indianexpress.com/article/cities/bangalore/fedex-scam-bengaluru-software-engineer-held-digital-arrest-loses-rs-1-crore-9344267/","2024-05-22","anxiety_after_contact","ask_trusted_contact","anxious|asks_before_acting","Blue Dart|1930","false","none","needs_human_review"
"CYB-SCALE-079","TRIP-SCALE-FC-MR-002","genuine","fake_courier_parcel","Marathi","Devanagari","SMS","FedEx: Out for delivery — slot 1PM-4PM. AWB FE483341. App वरच live track बघा. -FedEx","Genuine fake courier parcel notice in Marathi.","ANC-SMS-022","PAT-FC-006","synthetic_from_verified_pattern","user_supplied_private_sms","2026-04-28","none","safe_or_routine_action","none","Shiprocket","false","none","needs_human_review"
"CYB-SCALE-080","TRIP-SCALE-FC-MR-002","scam","fake_courier_parcel","Marathi","Devanagari","phone_call_summary","FedEx security desk म्हणून बोलला parcel मध्ये banned drugs सापडले, आणि call खोट्या DCP कडे statement साठी जोडला.","Scam variant for security-deposit-to-rbi.","ANC-SMS-022","PAT-FC-005","synthetic_from_verified_pattern","https://timesofindia.indiatimes.com/city/bengaluru/sr-journalist-lost-1-2-crore-in-fedex-courier-scam/articleshow/106881671.cms","2024-01-17","Fear of account seizure","join_fake_inquiry","illegal_parcel_threat|fake_transfer|urgency","FedEx|Cyber Crime Branch","false","none","needs_human_review"
"CYB-SCALE-081","TRIP-SCALE-FC-MR-002","help_seeking","fake_courier_parcel","Marathi","Devanagari","WhatsApp","बाबा, FedEx चा SMS आला link सोबत, customs duty Rs.499 pending म्हणतोय, parcel return होईल. Pay करू का ignore?","Help-seeking message about suspected fake courier parcel fraud.","ANC-SMS-022","PAT-FC-005","synthetic_from_verified_pattern","https://timesofindia.indiatimes.com/city/bengaluru/sr-journalist-lost-1-2-crore-in-fedex-courier-scam/articleshow/106881671.cms","2024-01-17","anxiety_after_contact","ask_trusted_contact","anxious|asks_before_acting","FedEx|1930","false","none","needs_human_review"
"CYB-SCALE-082","TRIP-SCALE-FC-MR-003","genuine","fake_courier_parcel","Marathi","Devanagari","SMS","Xpressbees: Parcel XP483375 दरवाजावर deliver झाले. चुकीचे marked असल्यास in-app chat वर report करा. -Xpressbees","Genuine fake courier parcel notice in Marathi.","ANC-SMS-028","PAT-FC-006","synthetic_from_verified_pattern","user_supplied_private_sms","2026-04-28","none","safe_or_routine_action","none","Xpressbees","false","none","needs_human_review"
"CYB-SCALE-083","TRIP-SCALE-FC-MR-003","scam","fake_courier_parcel","Marathi","Devanagari","SMS","Xpressbees executive असल्याचा दावा करून कॉलर म्हणाला forwarding code activate केल्याशिवाय parcel deliver होणार नाही.","Scam variant for delivery-ussd-call-forwarding.","ANC-SMS-028","PAT-FC-008","synthetic_from_verified_pattern","https://indianexpress.com/article/technology/how-a-simple-delivery-call-can-hijack-your-phone-using-ussd-codes-10464025/lite/","2026-01-09","Delivery familiarity and technical confusion","dial_fake_ussd_code","courier_impersonation|asks_to_dial_code|urgency","Xpressbees","false","none","needs_human_review"
"CYB-SCALE-084","TRIP-SCALE-FC-MR-003","help_seeking","fake_courier_parcel","Marathi","Devanagari","WhatsApp","दादा, Xpressbees agent म्हणतोय parcel मध्ये banned items आहेत, cyber officer कडे transfer करतोय. Call कट करू की नाही?","Help-seeking message about suspected fake courier parcel fraud.","ANC-SMS-028","PAT-FC-008","synthetic_from_verified_pattern","https://indianexpress.com/article/technology/how-a-simple-delivery-call-can-hijack-your-phone-using-ussd-codes-10464025/lite/","2026-01-09","anxiety_after_contact","ask_trusted_contact","anxious|asks_before_acting","Xpressbees|1930","false","none","needs_human_review"
"CYB-SCALE-085","TRIP-SCALE-FC-MR-004","genuine","fake_courier_parcel","Marathi","Devanagari","SMS","Delhivery: Pickup scheduled for AWB DE483409, slot 4PM-7PM. Rider संपर्क App मध्ये. -Delhivery","Genuine fake courier parcel notice in Marathi.","ANC-SMS-031","PAT-FC-006","synthetic_from_verified_pattern","user_supplied_private_sms","2026-04-28","none","safe_or_routine_action","none","Blue Dart","false","none","needs_human_review"
"CYB-SCALE-086","TRIP-SCALE-FC-MR-004","scam","fake_courier_parcel","Marathi","Devanagari","SMS","Delhivery: PIN code mismatch मुळे parcel वापस गेला. New slot निवडण्यासाठी shiprocket-verify[.]xyz वर जा. PRC511.","Scam variant for mdma-passport-parcel.","ANC-SMS-031","PAT-FC-002","synthetic_from_verified_pattern","https://timesofindia.indiatimes.com/city/bengaluru/fedex-fraudsters-dupe-techie-of-1cr/articleshow/110315472.cms","2024-05-22","Drug-smuggling accusation","open_courier_link","courier_impersonation|inert_link|urgency","Delhivery","true","shortened","needs_human_review"
"CYB-SCALE-087","TRIP-SCALE-FC-MR-004","help_seeking","fake_courier_parcel","Marathi","Devanagari","phone_call_summary","ताई, Delhivery hub manager म्हणून फोन आला, parcel सोडवण्यासाठी star-hash code dial करायला सांगतोय. खरंच असे करायचे का?","Help-seeking message about suspected fake courier parcel fraud.","ANC-SMS-031","PAT-FC-002","synthetic_from_verified_pattern","https://timesofindia.indiatimes.com/city/bengaluru/fedex-fraudsters-dupe-techie-of-1cr/articleshow/110315472.cms","2024-05-22","anxiety_after_contact","ask_trusted_contact","anxious|asks_before_acting","Delhivery|1930","false","none","needs_human_review"
"CYB-SCALE-088","TRIP-SCALE-FC-HIN-001","genuine","fake_courier_parcel","Hinglish","Latin","SMS","Xpressbees: Aapka parcel aaj deliver hoga. Track ID XP483375. Unknown number ke links open mat karo, info share mat karo. -Xpressbees","Genuine fake courier parcel notice in Hinglish.","ANC-SMS-028","PAT-FC-006","synthetic_from_verified_pattern","user_supplied_private_sms","2026-04-28","none","safe_or_routine_action","none","Xpressbees","false","none","machine_generated"
"CYB-SCALE-089","TRIP-SCALE-FC-HIN-001","scam","fake_courier_parcel","Hinglish","Latin","SMS","Caller ne Xpressbees delivery agent bola. Address confirm nahi ho raha, SMS ka special code dial karo warna parcel hold.","Scam variant for delivery-ussd-call-forwarding.","ANC-SMS-028","PAT-FC-008","synthetic_from_verified_pattern","https://indianexpress.com/article/technology/how-a-simple-delivery-call-can-hijack-your-phone-using-ussd-codes-10464025/lite/","2026-01-09","Delivery familiarity and technical confusion","dial_fake_ussd_code","courier_impersonation|asks_to_dial_code|urgency","Xpressbees","false","none","machine_generated"
"CYB-SCALE-090","TRIP-SCALE-FC-HIN-001","help_seeking","fake_courier_parcel","Hinglish","Latin","phone_call_summary","Mom, Xpressbees wala bol raha parcel/address issue hai aur abhi confirm karo. Official app check karu ya 1930 call?","Help-seeking message about suspected fake courier parcel fraud.","ANC-SMS-028","PAT-FC-008","synthetic_from_verified_pattern","https://indianexpress.com/article/technology/how-a-simple-delivery-call-can-hijack-your-phone-using-ussd-codes-10464025/lite/","2026-01-09","anxiety_after_contact","ask_trusted_contact","anxious|asks_before_acting","Xpressbees|1930","false","none","machine_generated"
"CYB-SCALE-091","TRIP-SCALE-FC-HIN-002","genuine","fake_courier_parcel","Hinglish","Latin","SMS","Delhivery: Out for delivery — slot 4PM-7PM. AWB DE483409. App pe hi live track dekho. -Delhivery","Genuine fake courier parcel notice in Hinglish.","ANC-SMS-031","PAT-FC-006","synthetic_from_verified_pattern","user_supplied_private_sms","2026-04-28","none","safe_or_routine_action","none","Blue Dart","false","none","machine_generated"
"CYB-SCALE-092","TRIP-SCALE-FC-HIN-002","scam","fake_courier_parcel","Hinglish","Latin","SMS","Delhivery ALERT: address adhura hone se delivery cancel. Reschedule karo shiprocket-verify[.]xyz (Ref 511).","Scam variant for mdma-passport-parcel.","ANC-SMS-031","PAT-FC-002","synthetic_from_verified_pattern","https://timesofindia.indiatimes.com/city/bengaluru/fedex-fraudsters-dupe-techie-of-1cr/articleshow/110315472.cms","2024-05-22","Drug-smuggling accusation","open_courier_link","courier_impersonation|inert_link|urgency","Delhivery","true","shortened","machine_generated"
"CYB-SCALE-093","TRIP-SCALE-FC-HIN-002","help_seeking","fake_courier_parcel","Hinglish","Latin","phone_call_summary","Dad, Delhivery ka SMS aaya link ke saath, customs duty Rs.1999 pending bol raha, parcel return ho jayega. Pay karu ya ignore?","Help-seeking message about suspected fake courier parcel fraud.","ANC-SMS-031","PAT-FC-002","synthetic_from_verified_pattern","https://timesofindia.indiatimes.com/city/bengaluru/fedex-fraudsters-dupe-techie-of-1cr/articleshow/110315472.cms","2024-05-22","anxiety_after_contact","ask_trusted_contact","anxious|asks_before_acting","Delhivery|1930","false","none","machine_generated"
"CYB-SCALE-094","TRIP-SCALE-KYC-EN-002","genuine","fake_kyc","English","Latin","SMS","BOI: Re-KYC due for A/c XXXX3177. Update via BOI mobile app (Service > Re-KYC) or visit any branch by 30-Jun-26.","Genuine fake kyc notice in English.","ANC-SMS-015","PAT-KYC-001","synthetic_from_verified_pattern","user_supplied_private_sms","2026-04-28","none","safe_or_routine_action","none","Bank of India","false","none","machine_generated"
"CYB-SCALE-095","TRIP-SCALE-KYC-EN-002","scam","fake_kyc","English","Latin","SMS","Dear Customer, BOI A/c suspension at 6 PM today due to pending KYC. KYC update via hdfc-secure-verify[.]xyz. Ref:512","Scam variant for remote-access-kyc-support.","ANC-SMS-015","PAT-KYC-003","synthetic_from_verified_pattern","https://indianexpress.com/article/technology/tech-news-technology/one-link-total-control-how-screen-sharing-scams-are-looting-indians-10517253/","2026-02-07","Tech-support deception","click_kyc_link","urgent|lookalike_bank_link|account_block_threat","BOI|BOI","true","lookalike_bank","machine_generated"
"CYB-SCALE-096","TRIP-SCALE-KYC-EN-002","help_seeking","fake_kyc","English","Latin","phone_call_summary","Mom, BOI message says PAN-Aadhaar mismatch, A/c freeze in 2 hrs unless I tap link. Real warning or scam?","Help-seeking message about suspected fake kyc fraud.","ANC-SMS-015","PAT-KYC-003","synthetic_from_verified_pattern","https://indianexpress.com/article/technology/tech-news-technology/one-link-total-control-how-screen-sharing-scams-are-looting-indians-10517253/","2026-02-07","anxiety_after_contact","ask_trusted_contact","anxious|asks_before_acting","BOI|BOI","false","none","machine_generated"
"CYB-SCALE-097","TRIP-XLANG-KYC-EN-003","genuine","fake_kyc","English","Latin","SMS","HDFC: Periodic KYC pending for A/c XXXX3643. No action needed if updated in last 6 months. Verify via official app. -HDFC","Genuine fake kyc notice in English.","ANC-SMS-018","PAT-KYC-001","synthetic_from_verified_pattern","user_supplied_private_sms","2026-04-28","none","safe_or_routine_action","none","CERSAI","false","none","machine_generated"
"CYB-SCALE-098","TRIP-XLANG-KYC-EN-003","scam","fake_kyc","English","Latin","SMS","HDFC ALERT: PAN-Aadhaar mismatch detected. Complete KYC update in next 2 hrs at kyc-boi-secure[.]xyz or A/c freeze. -HDFC","Scam variant for aadhaar-otp-kyc-abuse.","ANC-SMS-018","PAT-KYC-005","synthetic_from_verified_pattern","https://www.hdfcbank.com/personal/resources/learning-centre/vigil-aunty/best-practices-while-sharing-your-aadhaar-details","2026-04-28","Identity-verification pressure","click_kyc_link","urgent|lookalike_bank_link|account_block_threat","HDFC Bank|HDFC","true","lookalike_bank","machine_generated"
"CYB-SCALE-099","TRIP-XLANG-KYC-EN-003","help_seeking","fake_kyc","English","Latin","phone_call_summary","Bhaiya, HDFC sent APK file saying security update for KYC. Install karu ya ignore?","Help-seeking message about suspected fake kyc fraud.","ANC-SMS-018","PAT-KYC-005","synthetic_from_verified_pattern","https://www.hdfcbank.com/personal/resources/learning-centre/vigil-aunty/best-practices-while-sharing-your-aadhaar-details","2026-04-28","anxiety_after_contact","ask_trusted_contact","anxious|asks_before_acting","HDFC Bank|HDFC","false","none","machine_generated"
"CYB-SCALE-100","TRIP-XLANG-KYC-EN-004","genuine","fake_kyc","English","Latin","SMS","Dear AXIS customer, your A/c XXXX4109 CKYC ID has been generated. Quote it for any future onboarding. Helpline 1800-XXX. -AXIS","Genuine fake kyc notice in English.","ANC-RBI-001","PAT-KYC-001","synthetic_from_verified_pattern","https://www.rbi.org.in/scripts/FS_PressRelease.aspx?prid=57244","2026-04-28","none","safe_or_routine_action","none","RBI","false","none","machine_generated"
"CYB-SCALE-101","TRIP-XLANG-KYC-EN-004","scam","fake_kyc","English","Latin","SMS","URGENT-MAHABANK: Reward points worth Rs.300 expiring tonight. Redeem after APK security update at hdfc-secure-verify[.]xyz. KYC516","Scam variant for apk-kyc-security-update.","ANC-RBI-001","PAT-KYC-008","synthetic_from_verified_pattern","https://www.hdfcbank.com/content/bbp/repositories/723fb80a-2dde-42a3-9793-7ae1be57c87f/?path=%2FFooter%2FAbout+Us%2FNews+Room%2FPress+Release%2FContent%2F2025%2Fq3%2FPress_Release_HDFC_Bank_Shares_an_Important_Message_to_Caution_Against_APK_Fraud.pdf","2026-04-28","Malware disguised as bank update","click_kyc_link","urgent|lookalike_bank_link|account_block_threat","Bank of Maharashtra|MAHABANK","true","apk_drop","machine_generated"
"CYB-SCALE-102","TRIP-XLANG-KYC-EN-004","help_seeking","fake_kyc","English","Latin","phone_call_summary","Sister, URGENT-MAHABANK SMS says reward points Rs.300 expire tonight, redeem after KYC at link. Press redeem ya skip?","Help-seeking message about suspected fake kyc fraud.","ANC-RBI-001","PAT-KYC-008","synthetic_from_verified_pattern","https://www.hdfcbank.com/content/bbp/repositories/723fb80a-2dde-42a3-9793-7ae1be57c87f/?path=%2FFooter%2FAbout+Us%2FNews+Room%2FPress+Release%2FContent%2F2025%2Fq3%2FPress_Release_HDFC_Bank_Shares_an_Important_Message_to_Caution_Against_APK_Fraud.pdf","2026-04-28","anxiety_after_contact","ask_trusted_contact","anxious|asks_before_acting","Bank of Maharashtra|MAHABANK","false","none","machine_generated"
"CYB-SCALE-103","TRIP-XLANG-KYC-HI-001","genuine","fake_kyc","Hindi","Devanagari","SMS","प्रिय HDFC ग्राहक, आपका A/C XXXX3643 inactive है. KYC update के लिए branch में Fresh KYC Document लेकर जाएं. -HDFC","Genuine fake kyc notice in Hindi.","ANC-SMS-018","PAT-KYC-001","synthetic_from_verified_pattern","user_supplied_private_sms","2026-04-28","none","safe_or_routine_action","none","CERSAI","false","none","needs_human_review"
"CYB-SCALE-104","TRIP-XLANG-KYC-HI-001","scam","fake_kyc","Hindi","Devanagari","SMS","HDFC KYC expired! A/c आज block होगा. KYC update करें kyc-boi-secure[.]xyz Ref KYC514 -HDFC","Scam variant for aadhaar-otp-kyc-abuse.","ANC-SMS-018","PAT-KYC-005","synthetic_from_verified_pattern","https://www.hdfcbank.com/personal/resources/learning-centre/vigil-aunty/best-practices-while-sharing-your-aadhaar-details","2026-04-28","Identity-verification pressure","click_kyc_link","urgent|lookalike_bank_link|account_block_threat","HDFC Bank|HDFC","true","lookalike_bank","needs_human_review"
"CYB-SCALE-105","TRIP-XLANG-KYC-HI-001","help_seeking","fake_kyc","Hindi","Devanagari","phone_call_summary","पापा, HDFC KYC expiry SMS आया है link के साथ, account block बोल रहा. Ignore करके branch जाऊं?","Help-seeking message about suspected fake kyc fraud.","ANC-SMS-018","PAT-KYC-005","synthetic_from_verified_pattern","https://www.hdfcbank.com/personal/resources/learning-centre/vigil-aunty/best-practices-while-sharing-your-aadhaar-details","2026-04-28","anxiety_after_contact","ask_trusted_contact","anxious|asks_before_acting","HDFC Bank|HDFC","false","none","needs_human_review"
"CYB-SCALE-106","TRIP-XLANG-KYC-HI-002","genuine","fake_kyc","Hindi","Devanagari","SMS","AXIS: A/c XXXX4109 के लिए Re-KYC due है. AXIS mobile app (Service > Re-KYC) से या 30-Jun-26 तक किसी भी branch में update करें.","Genuine fake kyc notice in Hindi.","ANC-RBI-001","PAT-KYC-001","synthetic_from_verified_pattern","https://www.rbi.org.in/scripts/FS_PressRelease.aspx?prid=57244","2026-04-28","none","safe_or_routine_action","none","RBI","false","none","needs_human_review"
"CYB-SCALE-107","TRIP-XLANG-KYC-HI-002","scam","fake_kyc","Hindi","Devanagari","SMS","प्रिय Customer, pending KYC के कारण आज 6 बजे MAHABANK A/c suspend हो जाएगा. APK security update करें hdfc-secure-verify[.]xyz. Ref:516","Scam variant for apk-kyc-security-update.","ANC-RBI-001","PAT-KYC-008","synthetic_from_verified_pattern","https://www.hdfcbank.com/content/bbp/repositories/723fb80a-2dde-42a3-9793-7ae1be57c87f/?path=%2FFooter%2FAbout+Us%2FNews+Room%2FPress+Release%2FContent%2F2025%2Fq3%2FPress_Release_HDFC_Bank_Shares_an_Important_Message_to_Caution_Against_APK_Fraud.pdf","2026-04-28","Malware disguised as bank update","click_kyc_link","urgent|lookalike_bank_link|account_block_threat","Bank of Maharashtra|MAHABANK","true","apk_drop","needs_human_review"
"CYB-SCALE-108","TRIP-XLANG-KYC-HI-002","help_seeking","fake_kyc","Hindi","Devanagari","phone_call_summary","माँ, MAHABANK का message आया PAN-Aadhaar mismatch बोल रहा, 2 ghante में A/c freeze अगर link नहीं खोला. Real warning है क्या?","Help-seeking message about suspected fake kyc fraud.","ANC-RBI-001","PAT-KYC-008","synthetic_from_verified_pattern","https://www.hdfcbank.com/content/bbp/repositories/723fb80a-2dde-42a3-9793-7ae1be57c87f/?path=%2FFooter%2FAbout+Us%2FNews+Room%2FPress+Release%2FContent%2F2025%2Fq3%2FPress_Release_HDFC_Bank_Shares_an_Important_Message_to_Caution_Against_APK_Fraud.pdf","2026-04-28","anxiety_after_contact","ask_trusted_contact","anxious|asks_before_acting","Bank of Maharashtra|MAHABANK","false","none","needs_human_review"
"CYB-SCALE-109","TRIP-XLANG-KYC-MR-001","genuine","fake_kyc","Marathi","Devanagari","SMS","प्रिय AXIS ग्राहक, तुमचे A/C XXXX4109 inactive आहे. KYC update साठी branch मध्ये Fresh KYC Document घेऊन भेट द्या. -AXIS","Genuine fake kyc notice in Marathi.","ANC-RBI-001","PAT-KYC-001","synthetic_from_verified_pattern","https://www.rbi.org.in/scripts/FS_PressRelease.aspx?prid=57244","2026-04-28","none","safe_or_routine_action","none","RBI","false","none","needs_human_review"
"CYB-SCALE-110","TRIP-XLANG-KYC-MR-001","scam","fake_kyc","Marathi","Devanagari","SMS","MAHABANK KYC expired! A/c आज block होईल. APK security update करा hdfc-secure-verify[.]xyz Ref KYC516 -MAHABANK","Scam variant for apk-kyc-security-update.","ANC-RBI-001","PAT-KYC-008","synthetic_from_verified_pattern","https://www.hdfcbank.com/content/bbp/repositories/723fb80a-2dde-42a3-9793-7ae1be57c87f/?path=%2FFooter%2FAbout+Us%2FNews+Room%2FPress+Release%2FContent%2F2025%2Fq3%2FPress_Release_HDFC_Bank_Shares_an_Important_Message_to_Caution_Against_APK_Fraud.pdf","2026-04-28","Malware disguised as bank update","click_kyc_link","urgent|lookalike_bank_link|account_block_threat","Bank of Maharashtra|MAHABANK","true","apk_drop","needs_human_review"
"CYB-SCALE-111","TRIP-XLANG-KYC-MR-001","help_seeking","fake_kyc","Marathi","Devanagari","SMS","बाबा, MAHABANK KYC expiry SMS आला आहे link सोबत, account block म्हणतोय. Ignore करून branch ला जाऊ का?","Help-seeking message about suspected fake kyc fraud.","ANC-RBI-001","PAT-KYC-008","synthetic_from_verified_pattern","https://www.hdfcbank.com/content/bbp/repositories/723fb80a-2dde-42a3-9793-7ae1be57c87f/?path=%2FFooter%2FAbout+Us%2FNews+Room%2FPress+Release%2FContent%2F2025%2Fq3%2FPress_Release_HDFC_Bank_Shares_an_Important_Message_to_Caution_Against_APK_Fraud.pdf","2026-04-28","anxiety_after_contact","ask_trusted_contact","anxious|asks_before_acting","Bank of Maharashtra|MAHABANK","false","none","needs_human_review"
"CYB-SCALE-112","TRIP-XLANG-KYC-MR-002","genuine","fake_kyc","Marathi","Devanagari","SMS","SBI: A/c XXXX4575 साठी Re-KYC due आहे. SBI mobile app (Service > Re-KYC) मधून किंवा 30-Jun-26 पर्यंत कोणत्याही branch मध्ये update करा.","Genuine fake kyc notice in Marathi.","ANC-SMS-014","PAT-KYC-001","synthetic_from_verified_pattern","user_supplied_private_sms","2026-04-28","none","safe_or_routine_action","none","Bank of India","false","none","needs_human_review"
"CYB-SCALE-113","TRIP-XLANG-KYC-MR-002","scam","fake_kyc","Marathi","Devanagari","SMS","प्रिय Customer, pending KYC मुळे आज 6 वाजता BOI A/c suspend होईल. KYC update करा kyc-boi-secure[.]xyz. Ref:518","Scam variant for bank-official-kyc-vishing.","ANC-SMS-014","PAT-KYC-002","synthetic_from_verified_pattern","https://bank.sbi/web/personal-banking/cyber-security","2026-04-28","Impersonation of bank staff","click_kyc_link","urgent|lookalike_bank_link|account_block_threat","BOI|BOI","true","lookalike_bank","needs_human_review"
"CYB-SCALE-114","TRIP-XLANG-KYC-MR-002","help_seeking","fake_kyc","Marathi","Devanagari","SMS","आई, BOI चा message आला PAN-Aadhaar mismatch म्हणतोय, 2 तासात A/c freeze होईल link उघडला नाही तर. खरंच warning आहे का?","Help-seeking message about suspected fake kyc fraud.","ANC-SMS-014","PAT-KYC-002","synthetic_from_verified_pattern","https://bank.sbi/web/personal-banking/cyber-security","2026-04-28","anxiety_after_contact","ask_trusted_contact","anxious|asks_before_acting","BOI|BOI","false","none","needs_human_review"
"CYB-SCALE-115","TRIP-XLANG-KYC-HIN-001","genuine","fake_kyc","Hinglish","Latin","SMS","SBI-A/C XXXX4575 inactive hai since 15-02-2026. Fresh KYC Document ke saath Branch visit karein.","Genuine fake kyc notice in Hinglish.","ANC-SMS-014","PAT-KYC-001","synthetic_from_verified_pattern","user_supplied_private_sms","2026-04-28","none","safe_or_routine_action","none","Bank of India","false","none","machine_generated"
"CYB-SCALE-116","TRIP-XLANG-KYC-HIN-001","scam","fake_kyc","Hinglish","Latin","WhatsApp","BOI KYC expired! A/c aaj block hoga. KYC update karo kyc-boi-secure[.]xyz Ref KYC518 -BOI","Scam variant for bank-official-kyc-vishing.","ANC-SMS-014","PAT-KYC-002","synthetic_from_verified_pattern","https://bank.sbi/web/personal-banking/cyber-security","2026-04-28","Impersonation of bank staff","click_kyc_link","urgent|lookalike_bank_link|account_block_threat","BOI|BOI","true","lookalike_bank","machine_generated"
"CYB-SCALE-117","TRIP-XLANG-KYC-HIN-001","help_seeking","fake_kyc","Hinglish","Latin","SMS","Dad, BOI KYC expiry SMS link ke saath aaya, account block bol raha. Ignore karke branch jau?","Help-seeking message about suspected fake kyc fraud.","ANC-SMS-014","PAT-KYC-002","synthetic_from_verified_pattern","https://bank.sbi/web/personal-banking/cyber-security","2026-04-28","anxiety_after_contact","ask_trusted_contact","anxious|asks_before_acting","BOI|BOI","false","none","machine_generated"
"CYB-SCALE-118","TRIP-XLANG-KYC-HIN-002","genuine","fake_kyc","Hinglish","Latin","SMS","ICICI: A/c XXXX5041 ke liye Re-KYC due hai. ICICI mobile app (Service > Re-KYC) se ya 30-Jun-26 tak kisi bhi branch me update karo.","Genuine fake kyc notice in Hinglish.","ANC-SMS-017","PAT-KYC-001","synthetic_from_verified_pattern","user_supplied_private_sms","2026-04-28","none","safe_or_routine_action","none","Bank of India","false","none","machine_generated"
"CYB-SCALE-119","TRIP-XLANG-KYC-HIN-002","scam","fake_kyc","Hinglish","Latin","WhatsApp","Dear Customer, pending KYC ki wajah se aaj 6 baje HDFC A/c suspend ho jayega. KYC update karo hdfc-secure-verify[.]xyz. Ref:520","Scam variant for pan-kyc-link-phishing.","ANC-SMS-017","PAT-KYC-004","synthetic_from_verified_pattern","https://indianexpress.com/article/cities/mumbai/mumbai-malabar-hill-resident-fake-bank-kyc-message-loses-money-8462780/","2023-02-23","Routine compliance pressure","click_kyc_link","urgent|lookalike_bank_link|account_block_threat","HDFC Bank|HDFC","true","lookalike_bank","machine_generated"
"CYB-SCALE-120","TRIP-XLANG-KYC-HIN-002","help_seeking","fake_kyc","Hinglish","Latin","SMS","Mom, HDFC ka message PAN-Aadhaar mismatch bol raha, 2 ghante me A/c freeze agar link nahi khola. Real warning hai kya?","Help-seeking message about suspected fake kyc fraud.","ANC-SMS-017","PAT-KYC-004","synthetic_from_verified_pattern","https://indianexpress.com/article/cities/mumbai/mumbai-malabar-hill-resident-fake-bank-kyc-message-loses-money-8462780/","2023-02-23","anxiety_after_contact","ask_trusted_contact","anxious|asks_before_acting","HDFC Bank|HDFC","false","none","machine_generated"
